Warehouse id,Region,SKU id,Jun-21
Wh-1,NORTH,SKU-1,11.5625
Wh-1,NORTH,SKU-2,18.046877034439234
Wh-1,NORTH,SKU-3,7.625
Wh-1,NORTH,SKU-4,79.0625
Wh-1,NORTH,SKU-5,246.09375
Wh-1,NORTH,SKU-6,14.125
Wh-1,NORTH,SKU-7,2155.7901165344074
Wh-1,NORTH,SKU-8,333.5016724025881
Wh-1,NORTH,SKU-9,220.0625
Wh-1,NORTH,SKU-10,222.25
Wh-1,NORTH,SKU-11,92.02691537389228
Wh-1,NORTH,SKU-12,245.12841974972406
Wh-1,NORTH,SKU-13,11083.0
Wh-1,NORTH,SKU-14,287.9375
Wh-1,NORTH,SKU-15,57.9375
Wh-1,NORTH,SKU-16,275.0
Wh-1,NORTH,SKU-17,6893.625
Wh-1,NORTH,SKU-18,452.125
Wh-1,NORTH,SKU-19,53.40715800382871
Wh-1,NORTH,SKU-20,121.66178334561752
Wh-1,NORTH,SKU-21,147.52079102163052
Wh-1,NORTH,SKU-22,3.4617141994475915
Wh-1,NORTH,SKU-23,31.875
Wh-1,NORTH,SKU-24,33.79323355544297
Wh-1,NORTH,SKU-25,222.5
Wh-1,NORTH,SKU-26,11.037896789590334
Wh-1,NORTH,SKU-27,59.96875
Wh-1,NORTH,SKU-28,20.46875
Wh-1,NORTH,SKU-29,5.977363973228755
Wh-1,NORTH,SKU-30,621.8001908871054
Wh-1,NORTH,SKU-31,275.25
Wh-1,NORTH,SKU-32,283.3125
Wh-1,NORTH,SKU-33,54.77431970389224
Wh-1,NORTH,SKU-34,270.625
Wh-1,NORTH,SKU-35,18.67324417231584
Wh-1,NORTH,SKU-36,171.72101612273423
Wh-1,NORTH,SKU-37,1033.1038763163501
Wh-1,NORTH,SKU-38,149.12743345273137
Wh-1,NORTH,SKU-39,1046.9375
Wh-1,NORTH,SKU-40,738.5
Wh-1,NORTH,SKU-41,44.9375
Wh-1,NORTH,SKU-42,109.51032383783877
Wh-1,NORTH,SKU-43,76.5
Wh-1,NORTH,SKU-44,115.95775745390465
Wh-1,NORTH,SKU-45,372.42991100727454
Wh-1,NORTH,SKU-46,216.5625
Wh-1,NORTH,SKU-47,1901.0
Wh-1,NORTH,SKU-48,89.75
Wh-1,NORTH,SKU-49,196.64819927533085
Wh-1,NORTH,SKU-50,596.0
Wh-1,NORTH,SKU-51,1763.21875
Wh-1,NORTH,SKU-52,89.02478692466636
Wh-1,NORTH,SKU-53,330.375
Wh-1,NORTH,SKU-54,59.0
Wh-1,NORTH,SKU-55,172.48714637100838
Wh-1,NORTH,SKU-56,209.375
Wh-1,NORTH,SKU-57,62.5625
Wh-1,NORTH,SKU-58,95.9375
Wh-1,NORTH,SKU-59,243.93394700264628
Wh-1,NORTH,SKU-60,7.0
Wh-1,NORTH,SKU-61,286.73338477540585
Wh-1,NORTH,SKU-62,2.807110562485832
Wh-1,NORTH,SKU-63,17.139438827840856
Wh-1,NORTH,SKU-64,47.875
Wh-1,NORTH,SKU-65,68.625
Wh-1,NORTH,SKU-66,101.25
Wh-1,NORTH,SKU-67,58.000358739386726
Wh-1,NORTH,SKU-68,78.625
Wh-1,NORTH,SKU-69,187.0625
Wh-1,NORTH,SKU-70,125.39727284686856
Wh-1,NORTH,SKU-71,161.4907161749308
Wh-1,NORTH,SKU-72,222.64883971632383
Wh-1,NORTH,SKU-73,78.32765512323607
Wh-1,NORTH,SKU-74,40.375
Wh-1,NORTH,SKU-75,36.520588508050274
Wh-1,NORTH,SKU-76,57.509622643928545
Wh-1,NORTH,SKU-77,112.17037070257513
Wh-1,NORTH,SKU-78,463.49763624264386
Wh-1,NORTH,SKU-79,4.046801215797927
Wh-1,NORTH,SKU-80,341.375
Wh-1,NORTH,SKU-81,5.349645609405748
Wh-1,NORTH,SKU-82,89.3125
Wh-1,NORTH,SKU-83,148.68879803065343
Wh-1,NORTH,SKU-84,2112.9515971740534
Wh-1,NORTH,SKU-85,55139.25388432945
Wh-1,NORTH,SKU-86,33.77599163534544
Wh-1,NORTH,SKU-87,7.365696603461114
Wh-1,NORTH,SKU-88,317.1875
Wh-1,NORTH,SKU-89,287.25
Wh-1,NORTH,SKU-90,698.5169300804143
Wh-1,NORTH,SKU-91,135.03233754644504
Wh-1,NORTH,SKU-92,22.64640692537926
Wh-1,NORTH,SKU-93,140.375
Wh-1,NORTH,SKU-94,9.51566075192397
Wh-1,NORTH,SKU-95,22.685959882868026
Wh-1,NORTH,SKU-96,55.65932076324866
Wh-1,NORTH,SKU-97,19.38706661764789
Wh-1,NORTH,SKU-98,93.65625
Wh-1,NORTH,SKU-99,5.017179485820989
Wh-1,NORTH,SKU-100,152.75
Wh-1,NORTH,SKU-101,123.48145829716594
Wh-1,NORTH,SKU-102,92.75332322277343
Wh-1,NORTH,SKU-103,86.21875
Wh-1,NORTH,SKU-104,43.729856037996214
Wh-1,NORTH,SKU-105,39.19520556754794
Wh-1,NORTH,SKU-106,1963.1235978754582
Wh-1,NORTH,SKU-107,370.75
Wh-1,NORTH,SKU-108,442.25
Wh-1,NORTH,SKU-109,54.98340071310846
Wh-1,NORTH,SKU-110,54.52133434176531
Wh-1,NORTH,SKU-111,74.06178206576098
Wh-1,NORTH,SKU-112,63.07224567788034
Wh-1,NORTH,SKU-113,142.81541491521088
Wh-1,NORTH,SKU-114,14.6875
Wh-1,NORTH,SKU-115,144.48878023421537
Wh-1,NORTH,SKU-116,2.4836487839127885
Wh-1,NORTH,SKU-117,16.09375
Wh-1,NORTH,SKU-118,7.20979407185434
Wh-1,NORTH,SKU-119,54.810616017647554
Wh-1,NORTH,SKU-120,174.875
Wh-1,NORTH,SKU-121,1358.1300398406897
Wh-1,NORTH,SKU-122,174.5
Wh-1,NORTH,SKU-123,158.30422135385314
Wh-1,NORTH,SKU-124,1148.125
Wh-1,NORTH,SKU-125,599.2176769025813
Wh-1,NORTH,SKU-126,42.90625
Wh-1,NORTH,SKU-127,2.8119529394348035
Wh-1,NORTH,SKU-128,78.26730462026302
Wh-1,NORTH,SKU-129,36.5
Wh-1,NORTH,SKU-130,107.375
Wh-1,NORTH,SKU-131,442.625
Wh-1,NORTH,SKU-132,1795.5
Wh-1,NORTH,SKU-133,1464.59375
Wh-1,NORTH,SKU-134,153.18881110462712
Wh-1,NORTH,SKU-135,415.0
Wh-1,NORTH,SKU-136,917.21875
Wh-1,NORTH,SKU-137,1323.000414776327
Wh-1,NORTH,SKU-138,146.14735214658498
Wh-1,NORTH,SKU-139,421.4365063020403
Wh-1,NORTH,SKU-140,1120.28125
Wh-1,NORTH,SKU-141,940.875
Wh-1,NORTH,SKU-142,34.96875
Wh-1,NORTH,SKU-143,101.25
Wh-1,NORTH,SKU-144,45.90458334431496
Wh-1,NORTH,SKU-145,646.9528894152697
Wh-1,NORTH,SKU-146,315.43166399088244
Wh-1,NORTH,SKU-147,460.71875
Wh-1,NORTH,SKU-148,342.14623399051874
Wh-1,NORTH,SKU-149,84.55178711668472
Wh-1,NORTH,SKU-150,1548.5
Wh-1,NORTH,SKU-151,7225.852325398808
Wh-1,NORTH,SKU-152,225.96875
Wh-1,NORTH,SKU-153,19.553323134626734
Wh-1,NORTH,SKU-154,21.34375
Wh-1,NORTH,SKU-155,35.21298084068277
Wh-1,NORTH,SKU-156,16.059644277937085
Wh-1,NORTH,SKU-157,253.78125
Wh-1,NORTH,SKU-158,71.875
Wh-1,NORTH,SKU-159,22.34375
Wh-1,NORTH,SKU-160,141.875
Wh-1,NORTH,SKU-161,37.53125
Wh-1,NORTH,SKU-162,10.65625
Wh-1,NORTH,SKU-163,21.625
Wh-1,NORTH,SKU-164,10.796869429187169
Wh-1,NORTH,SKU-165,51.8125
Wh-1,NORTH,SKU-166,73.0
Wh-1,NORTH,SKU-167,66.125
Wh-1,NORTH,SKU-168,72.625
Wh-1,NORTH,SKU-169,17.03125
Wh-1,NORTH,SKU-170,29.8125
Wh-1,NORTH,SKU-171,51.09375
Wh-1,NORTH,SKU-172,16.0
Wh-1,NORTH,SKU-173,15.559098691925572
Wh-1,NORTH,SKU-174,20.64182945714853
Wh-1,NORTH,SKU-175,6.558978917198556
Wh-1,NORTH,SKU-176,1.0
Wh-1,NORTH,SKU-177,80.8192574807154
Wh-1,NORTH,SKU-178,86.87326325681069
Wh-1,NORTH,SKU-179,25.3125
Wh-1,NORTH,SKU-180,11.431346048775989
Wh-1,NORTH,SKU-181,9.908582415215545
Wh-1,NORTH,SKU-182,61.5
Wh-1,NORTH,SKU-183,7.658660269856176
Wh-1,NORTH,SKU-184,20.083180397732296
Wh-1,NORTH,SKU-185,116.5
Wh-1,NORTH,SKU-186,19.011279358203453
Wh-1,NORTH,SKU-187,2.3139531430288143
Wh-1,NORTH,SKU-188,2.1353488852843157
Wh-1,NORTH,SKU-189,87.01504577530976
Wh-1,NORTH,SKU-190,288.0
Wh-1,NORTH,SKU-191,35.362816372779
Wh-1,NORTH,SKU-192,30.29992045715532
Wh-1,NORTH,SKU-193,14.649738663851297
Wh-1,NORTH,SKU-194,124.55717691028784
Wh-1,NORTH,SKU-195,9.147193261216
Wh-1,NORTH,SKU-196,123.4375
Wh-1,NORTH,SKU-197,88.45759513804987
Wh-1,NORTH,SKU-198,147.37922817996738
Wh-1,NORTH,SKU-199,232.59375
Wh-1,NORTH,SKU-200,38.875
Wh-1,NORTH,SKU-201,1786.3738817974188
Wh-1,NORTH,SKU-202,40.96875
Wh-1,NORTH,SKU-203,106.85411408684632
Wh-1,NORTH,SKU-204,140.72766964873654
Wh-1,NORTH,SKU-205,311.578444072703
Wh-1,NORTH,SKU-206,119.33178221477692
Wh-1,NORTH,SKU-207,238.28562696984386
Wh-1,NORTH,SKU-208,13.889795739563496
Wh-1,NORTH,SKU-209,347.04357492650024
Wh-1,NORTH,SKU-210,264.2912309959489
Wh-1,NORTH,SKU-211,2649.811518809968
Wh-1,NORTH,SKU-212,173.36335059561364
Wh-1,NORTH,SKU-213,74.54999829730832
Wh-1,NORTH,SKU-214,9.477189924083818
Wh-1,NORTH,SKU-215,1407.882268537519
Wh-1,NORTH,SKU-216,25.96403518788493
Wh-1,NORTH,SKU-217,13.118727370833485
Wh-1,NORTH,SKU-218,12.5625
Wh-1,NORTH,SKU-219,42.244155694639204
Wh-1,NORTH,SKU-220,418.1774218994327
Wh-1,NORTH,SKU-221,775.6503189565879
Wh-1,NORTH,SKU-222,136.7987174742512
Wh-1,NORTH,SKU-223,39.03125
Wh-1,NORTH,SKU-224,3698.4102917924574
Wh-1,NORTH,SKU-225,10213.856477047964
Wh-1,NORTH,SKU-226,2228.9586863055188
Wh-1,NORTH,SKU-227,11.337210800271858
Wh-1,NORTH,SKU-228,38.375
Wh-1,NORTH,SKU-229,57.5
Wh-1,NORTH,SKU-230,120.46596244161493
Wh-1,NORTH,SKU-231,89.33543936903621
Wh-1,NORTH,SKU-232,398.2994956441485
Wh-1,NORTH,SKU-233,71.0625
Wh-2,EAST,SKU-1,52.42106566579323
Wh-2,EAST,SKU-2,5.938215254723694
Wh-2,EAST,SKU-3,8.03125
Wh-2,EAST,SKU-4,40.375
Wh-2,EAST,SKU-5,146.75
Wh-2,EAST,SKU-6,6.898235737664923
Wh-2,EAST,SKU-7,281.51815768918334
Wh-2,EAST,SKU-403,55.015675507747474
Wh-2,EAST,SKU-8,1109.8851430419854
Wh-2,EAST,SKU-234,34.969897564584386
Wh-2,EAST,SKU-9,115.84375
Wh-2,EAST,SKU-10,35.207696320228884
Wh-2,EAST,SKU-13,93.45830648436947
Wh-2,EAST,SKU-17,228.5
Wh-2,EAST,SKU-20,37.818496403918076
Wh-2,EAST,SKU-352,23.125
Wh-2,EAST,SKU-21,127.55941534370564
Wh-2,EAST,SKU-22,68.04045033099518
Wh-2,EAST,SKU-23,247.47558873076326
Wh-2,EAST,SKU-24,41.375
Wh-2,EAST,SKU-25,136.72996503497455
Wh-2,EAST,SKU-26,87.91653643216068
Wh-2,EAST,SKU-27,46.375761902694585
Wh-2,EAST,SKU-28,18.875
Wh-2,EAST,SKU-29,15.437319747346775
Wh-2,EAST,SKU-30,57.4375
Wh-2,EAST,SKU-31,115.6875
Wh-2,EAST,SKU-32,319.875
Wh-2,EAST,SKU-33,75.19443889025266
Wh-2,EAST,SKU-237,227.125
Wh-2,EAST,SKU-34,48.53125
Wh-2,EAST,SKU-239,80.33717512055945
Wh-2,EAST,SKU-240,1317.618385819
Wh-2,EAST,SKU-36,101.8618125558394
Wh-2,EAST,SKU-37,55.5003972117546
Wh-2,EAST,SKU-39,34.2149524586381
Wh-2,EAST,SKU-40,114.125
Wh-2,EAST,SKU-41,180.89654441538121
Wh-2,EAST,SKU-44,28.6875
Wh-2,EAST,SKU-45,14.375
Wh-2,EAST,SKU-47,57.607052163117686
Wh-2,EAST,SKU-50,4.750593012837214
Wh-2,EAST,SKU-51,111.66809765722323
Wh-2,EAST,SKU-53,259.3125
Wh-2,EAST,SKU-56,111.22960459993861
Wh-2,EAST,SKU-57,5.655918121283946
Wh-2,EAST,SKU-59,7.1875
Wh-2,EAST,SKU-62,36.5625
Wh-2,EAST,SKU-66,1810.472328676768
Wh-2,EAST,SKU-67,53.4375
Wh-2,EAST,SKU-244,174.16206157561572
Wh-2,EAST,SKU-69,1673.6843114595895
Wh-2,EAST,SKU-70,362.4902904922148
Wh-2,EAST,SKU-71,60.30266698731657
Wh-2,EAST,SKU-72,106.71210799274454
Wh-2,EAST,SKU-73,45.25
Wh-2,EAST,SKU-328,120.75
Wh-2,EAST,SKU-76,242.16709236050505
Wh-2,EAST,SKU-77,64.625
Wh-2,EAST,SKU-78,372.375
Wh-2,EAST,SKU-79,38.0625
Wh-2,EAST,SKU-248,3714.60077638305
Wh-2,EAST,SKU-404,136.71875
Wh-2,EAST,SKU-80,221.875
Wh-2,EAST,SKU-81,49.875
Wh-2,EAST,SKU-82,147.0
Wh-2,EAST,SKU-84,179.7774436168873
Wh-2,EAST,SKU-86,48.3125
Wh-2,EAST,SKU-250,92.125
Wh-2,EAST,SKU-87,33.71875
Wh-2,EAST,SKU-359,42.46875
Wh-2,EAST,SKU-88,2.8380148339448397
Wh-2,EAST,SKU-251,131.25
Wh-2,EAST,SKU-361,14.57780838871061
Wh-2,EAST,SKU-89,92.36831775902846
Wh-2,EAST,SKU-97,33.8125
Wh-2,EAST,SKU-329,138.28125
Wh-2,EAST,SKU-330,272.6875
Wh-2,EAST,SKU-332,75.3125
Wh-2,EAST,SKU-257,29.5625
Wh-2,EAST,SKU-258,769.625
Wh-2,EAST,SKU-259,109.625
Wh-2,EAST,SKU-260,49.25
Wh-2,EAST,SKU-261,175.93298907592367
Wh-2,EAST,SKU-262,21.464538230590946
Wh-2,EAST,SKU-263,2231.649644782745
Wh-2,EAST,SKU-264,554.0073542258397
Wh-2,EAST,SKU-265,23.0
Wh-2,EAST,SKU-267,142.0413238084131
Wh-2,EAST,SKU-268,2877.84375
Wh-2,EAST,SKU-269,26.45876352410453
Wh-2,EAST,SKU-270,64.21652323496767
Wh-2,EAST,SKU-271,34.28125
Wh-2,EAST,SKU-272,115.6875
Wh-2,EAST,SKU-275,222.0625
Wh-2,EAST,SKU-276,120.1875
Wh-2,EAST,SKU-278,23.3125
Wh-2,EAST,SKU-405,1076.475067560313
Wh-2,EAST,SKU-106,42.36941850312223
Wh-2,EAST,SKU-107,89.12210810845136
Wh-2,EAST,SKU-108,568.1862759074057
Wh-2,EAST,SKU-109,20.375
Wh-2,EAST,SKU-110,12.485892693500679
Wh-2,EAST,SKU-111,109.406198636581
Wh-2,EAST,SKU-112,13.658511434755548
Wh-2,EAST,SKU-113,257.875
Wh-2,EAST,SKU-114,18.740607899843557
Wh-2,EAST,SKU-115,85.71565048215339
Wh-2,EAST,SKU-116,57.05876931202785
Wh-2,EAST,SKU-117,20.664787139764332
Wh-2,EAST,SKU-118,2.9375
Wh-2,EAST,SKU-119,212.85216196970106
Wh-2,EAST,SKU-120,494.875
Wh-2,EAST,SKU-287,310.878270546426
Wh-2,EAST,SKU-337,227.0
Wh-2,EAST,SKU-121,193.47170634689505
Wh-2,EAST,SKU-288,85.85051038885358
Wh-2,EAST,SKU-123,258.60215354405426
Wh-2,EAST,SKU-289,85.78125
Wh-2,EAST,SKU-406,271.74509202157094
Wh-2,EAST,SKU-407,46.375
Wh-2,EAST,SKU-124,135.61675035621508
Wh-2,EAST,SKU-338,55.592575874354495
Wh-2,EAST,SKU-408,22.117043941307912
Wh-2,EAST,SKU-339,22.75
Wh-2,EAST,SKU-340,3419.6589460560613
Wh-2,EAST,SKU-125,6984.744930159137
Wh-2,EAST,SKU-126,217.32243973025066
Wh-2,EAST,SKU-127,297.89469515480295
Wh-2,EAST,SKU-342,187.55809211729547
Wh-2,EAST,SKU-291,46.375
Wh-2,EAST,SKU-343,790.1044473531869
Wh-2,EAST,SKU-292,28.115718364985568
Wh-2,EAST,SKU-409,31.507593429675087
Wh-2,EAST,SKU-132,281.37434460012196
Wh-2,EAST,SKU-133,1652.125
Wh-2,EAST,SKU-134,262.05630079866114
Wh-2,EAST,SKU-344,33.625
Wh-2,EAST,SKU-410,38.75
Wh-2,EAST,SKU-138,207.15625
Wh-2,EAST,SKU-139,44.59375
Wh-2,EAST,SKU-140,1088.9375
Wh-2,EAST,SKU-141,1547.0559451244826
Wh-2,EAST,SKU-345,1025.957498412975
Wh-2,EAST,SKU-411,416.61716069860864
Wh-2,EAST,SKU-412,94.34370666713761
Wh-2,EAST,SKU-144,112.625
Wh-2,EAST,SKU-146,411.75
Wh-2,EAST,SKU-386,97.3895227618972
Wh-2,EAST,SKU-147,433.0
Wh-2,EAST,SKU-293,163.0
Wh-2,EAST,SKU-148,432.4375
Wh-2,EAST,SKU-149,1768.3125
Wh-2,EAST,SKU-387,59.75
Wh-2,EAST,SKU-150,272.75
Wh-2,EAST,SKU-151,251.09728013231688
Wh-2,EAST,SKU-152,13.856711890618683
Wh-2,EAST,SKU-413,156.625
Wh-2,EAST,SKU-389,36.3111516866779
Wh-2,EAST,SKU-157,709.0186715167335
Wh-2,EAST,SKU-158,7.189412317175014
Wh-2,EAST,SKU-161,7.043721433199558
Wh-2,EAST,SKU-162,179.12020434457875
Wh-2,EAST,SKU-163,22.936670797622725
Wh-2,EAST,SKU-164,168.87185953280562
Wh-2,EAST,SKU-165,19.75
Wh-2,EAST,SKU-166,66.9416070555009
Wh-2,EAST,SKU-167,99.14047543569505
Wh-2,EAST,SKU-297,130.22475811917752
Wh-2,EAST,SKU-172,2.0
Wh-2,EAST,SKU-178,43.276641113328076
Wh-2,EAST,SKU-179,26.97471966696947
Wh-2,EAST,SKU-182,226.6708560352643
Wh-2,EAST,SKU-185,96.06926062705134
Wh-2,EAST,SKU-186,57.34375
Wh-2,EAST,SKU-392,41.08620804251564
Wh-2,EAST,SKU-187,20.0
Wh-2,EAST,SKU-189,23.580481064483752
Wh-2,EAST,SKU-190,295.5495006612928
Wh-2,EAST,SKU-194,36.0
Wh-2,EAST,SKU-195,31.8125
Wh-2,EAST,SKU-196,706.6825299090619
Wh-2,EAST,SKU-198,9.8125
Wh-2,EAST,SKU-199,136.78140348440093
Wh-2,EAST,SKU-306,8.5
Wh-2,EAST,SKU-312,16.0
Wh-2,EAST,SKU-315,180.8028964998502
Wh-2,EAST,SKU-316,68.8997960282381
Wh-2,EAST,SKU-319,47.70958592915365
Wh-2,EAST,SKU-321,86.75108111912847
Wh-2,EAST,SKU-322,86.31462220591499
Wh-2,EAST,SKU-399,98.84644640668432
Wh-2,EAST,SKU-205,80.625
Wh-2,EAST,SKU-206,418.1875
Wh-2,EAST,SKU-208,33.75
Wh-2,EAST,SKU-210,194.7550320707532
Wh-2,EAST,SKU-211,49.890143077073304
Wh-2,EAST,SKU-214,251.81154708616714
Wh-2,EAST,SKU-216,1543.259163637967
Wh-2,EAST,SKU-217,45.0
Wh-2,EAST,SKU-414,437.78736078308674
Wh-2,EAST,SKU-219,63.98215888606832
Wh-2,EAST,SKU-220,536.625
Wh-2,EAST,SKU-221,33.760470734859226
Wh-2,EAST,SKU-224,90.84375
Wh-2,EAST,SKU-225,89.9375
Wh-2,EAST,SKU-226,4.4706155895011115
Wh-2,EAST,SKU-230,40.50923176432312
Wh-2,EAST,SKU-231,453.1156168984139
Wh-2,EAST,SKU-232,28.25
Wh-2,EAST,SKU-233,68.4375
Wh-2,EAST,SKU-415,16.5625
Wh-3,WEST,SKU-1,168.13524937017203
Wh-3,WEST,SKU-2,364.1016034278557
Wh-3,WEST,SKU-3,31.78678338548694
Wh-3,WEST,SKU-4,59.125
Wh-3,WEST,SKU-5,16.21519233602075
Wh-3,WEST,SKU-6,37.04192264571105
Wh-3,WEST,SKU-350,21.29923517957313
Wh-3,WEST,SKU-7,9.269744152857527
Wh-3,WEST,SKU-8,25.704164410886108
Wh-3,WEST,SKU-234,18.34375
Wh-3,WEST,SKU-9,219.0625
Wh-3,WEST,SKU-10,231.0542260955458
Wh-3,WEST,SKU-13,692.5257466487521
Wh-3,WEST,SKU-17,60.43079318710733
Wh-3,WEST,SKU-327,20.43223708058282
Wh-3,WEST,SKU-19,49.91240708325178
Wh-3,WEST,SKU-351,21.587217701443464
Wh-3,WEST,SKU-236,50.67832195703588
Wh-3,WEST,SKU-20,29.99593710964041
Wh-3,WEST,SKU-352,38.737387389624814
Wh-3,WEST,SKU-353,35.73039715009509
Wh-3,WEST,SKU-21,56.3991822195712
Wh-3,WEST,SKU-22,2.181239544480663
Wh-3,WEST,SKU-23,43.25
Wh-3,WEST,SKU-24,31.0858537775826
Wh-3,WEST,SKU-25,263.3679807671171
Wh-3,WEST,SKU-26,52.75
Wh-3,WEST,SKU-27,65.84375
Wh-3,WEST,SKU-28,3.071888420005749
Wh-3,WEST,SKU-29,3.972195044218175
Wh-3,WEST,SKU-30,157.31872464173512
Wh-3,WEST,SKU-31,87.5
Wh-3,WEST,SKU-32,402.75
Wh-3,WEST,SKU-33,109.47659988497225
Wh-3,WEST,SKU-237,74.46875
Wh-3,WEST,SKU-34,99.8125
Wh-3,WEST,SKU-239,140.0
Wh-3,WEST,SKU-240,113.28125
Wh-3,WEST,SKU-354,2509.1087691810912
Wh-3,WEST,SKU-35,28.5
Wh-3,WEST,SKU-36,59.503440379722775
Wh-3,WEST,SKU-241,51.5625
Wh-3,WEST,SKU-37,71.73658430489307
Wh-3,WEST,SKU-38,368.75
Wh-3,WEST,SKU-39,1215.0
Wh-3,WEST,SKU-40,647.0
Wh-3,WEST,SKU-41,38.05780786680159
Wh-3,WEST,SKU-355,5.906599526737953
Wh-3,WEST,SKU-243,135.6875
Wh-3,WEST,SKU-42,61.66140900659754
Wh-3,WEST,SKU-43,84.44806074528591
Wh-3,WEST,SKU-44,4.199679036725271
Wh-3,WEST,SKU-356,41.54978611301938
Wh-3,WEST,SKU-45,15.800461727891033
Wh-3,WEST,SKU-46,277.9375
Wh-3,WEST,SKU-47,1583.125
Wh-3,WEST,SKU-49,200.84824718950114
Wh-3,WEST,SKU-50,495.75
Wh-3,WEST,SKU-51,1227.6875
Wh-3,WEST,SKU-53,188.3125
Wh-3,WEST,SKU-54,27.519649760740673
Wh-3,WEST,SKU-55,30.936399627305104
Wh-3,WEST,SKU-56,244.9706511336441
Wh-3,WEST,SKU-57,110.65821112199328
Wh-3,WEST,SKU-58,12.496810985129457
Wh-3,WEST,SKU-59,109.75
Wh-3,WEST,SKU-357,118.0625
Wh-3,WEST,SKU-60,313.7051110135694
Wh-3,WEST,SKU-61,1186.57455397758
Wh-3,WEST,SKU-62,33.86823186739419
Wh-3,WEST,SKU-63,69.20982299929511
Wh-3,WEST,SKU-66,68.125
Wh-3,WEST,SKU-67,90.5
Wh-3,WEST,SKU-244,19.40625
Wh-3,WEST,SKU-68,7.78861165287957
Wh-3,WEST,SKU-69,110.40824577646246
Wh-3,WEST,SKU-70,175.94324555248255
Wh-3,WEST,SKU-71,29.98078527883182
Wh-3,WEST,SKU-72,61.25
Wh-3,WEST,SKU-74,289.02046180153013
Wh-3,WEST,SKU-75,100.67017719499361
Wh-3,WEST,SKU-328,77.125
Wh-3,WEST,SKU-76,50.722868869428765
Wh-3,WEST,SKU-77,60.265800769196346
Wh-3,WEST,SKU-78,401.21875
Wh-3,WEST,SKU-79,182.25
Wh-3,WEST,SKU-80,36.28409511494431
Wh-3,WEST,SKU-81,34.29011405085599
Wh-3,WEST,SKU-82,354.90473940313586
Wh-3,WEST,SKU-358,3.0
Wh-3,WEST,SKU-83,1754.2591920904201
Wh-3,WEST,SKU-84,2633.233117677921
Wh-3,WEST,SKU-85,39.16075285639742
Wh-3,WEST,SKU-86,128.24410750303045
Wh-3,WEST,SKU-250,443.2541417227029
Wh-3,WEST,SKU-87,13.83369734821675
Wh-3,WEST,SKU-359,99.5
Wh-3,WEST,SKU-88,153.96875
Wh-3,WEST,SKU-360,19.62388877793892
Wh-3,WEST,SKU-251,294.96875
Wh-3,WEST,SKU-361,72.03125
Wh-3,WEST,SKU-89,285.875
Wh-3,WEST,SKU-90,22.66418796522434
Wh-3,WEST,SKU-91,1.3009100385366388
Wh-3,WEST,SKU-92,27.156393214435468
Wh-3,WEST,SKU-93,11.37781519192687
Wh-3,WEST,SKU-94,18.207021570441725
Wh-3,WEST,SKU-97,9.516912189343998
Wh-3,WEST,SKU-98,104.15625
Wh-3,WEST,SKU-252,88.31288603299234
Wh-3,WEST,SKU-253,21.0625
Wh-3,WEST,SKU-362,41.50908288222958
Wh-3,WEST,SKU-254,163.69200419411732
Wh-3,WEST,SKU-331,672.3533710942338
Wh-3,WEST,SKU-363,525.125
Wh-3,WEST,SKU-364,535.125
Wh-3,WEST,SKU-255,348.7860399106597
Wh-3,WEST,SKU-332,116.6875
Wh-3,WEST,SKU-365,116.0
Wh-3,WEST,SKU-256,1397.982202171831
Wh-3,WEST,SKU-366,193.54672365468383
Wh-3,WEST,SKU-367,57.0625
Wh-3,WEST,SKU-257,534.1875
Wh-3,WEST,SKU-368,82.49963464689162
Wh-3,WEST,SKU-369,19.0
Wh-3,WEST,SKU-370,875.064382465256
Wh-3,WEST,SKU-371,233.4791084407042
Wh-3,WEST,SKU-258,632.0625
Wh-3,WEST,SKU-372,200.125
Wh-3,WEST,SKU-373,9.434801230009917
Wh-3,WEST,SKU-259,77.59375
Wh-3,WEST,SKU-260,16.567677553476486
Wh-3,WEST,SKU-261,155.6717262969244
Wh-3,WEST,SKU-262,38.0117489543595
Wh-3,WEST,SKU-263,476.5416268974727
Wh-3,WEST,SKU-264,6966.595043245385
Wh-3,WEST,SKU-265,64.28175203083734
Wh-3,WEST,SKU-266,1860.4498161252075
Wh-3,WEST,SKU-267,235.3125
Wh-3,WEST,SKU-268,2756.9752625152596
Wh-3,WEST,SKU-374,347.38365510903134
Wh-3,WEST,SKU-269,99.22880620882931
Wh-3,WEST,SKU-270,634.2137891535341
Wh-3,WEST,SKU-271,2034.375
Wh-3,WEST,SKU-272,640.4286025497156
Wh-3,WEST,SKU-273,6.828410305321734
Wh-3,WEST,SKU-274,386.7068250716389
Wh-3,WEST,SKU-275,149.84375
Wh-3,WEST,SKU-277,53.06393801922324
Wh-3,WEST,SKU-278,124.25845781585744
Wh-3,WEST,SKU-279,5.907002555957206
Wh-3,WEST,SKU-280,0.6781207822533766
Wh-3,WEST,SKU-281,19.347984591386417
Wh-3,WEST,SKU-282,104.01837350336507
Wh-3,WEST,SKU-283,62.09001571220565
Wh-3,WEST,SKU-375,108.11033412742728
Wh-3,WEST,SKU-376,17.09120458627251
Wh-3,WEST,SKU-284,24.527753468401883
Wh-3,WEST,SKU-285,23.82131803526589
Wh-3,WEST,SKU-377,26.642417573536054
Wh-3,WEST,SKU-378,36.73785236184056
Wh-3,WEST,SKU-123,215.58016918365325
Wh-3,WEST,SKU-289,37.99277520106583
Wh-3,WEST,SKU-124,1313.5056875455693
Wh-3,WEST,SKU-339,76.71875
Wh-3,WEST,SKU-341,10.11708057185405
Wh-3,WEST,SKU-290,1133.7968320898083
Wh-3,WEST,SKU-126,35.125
Wh-3,WEST,SKU-127,153.87418010485857
Wh-3,WEST,SKU-291,15.616466691553839
Wh-3,WEST,SKU-343,289.0625
Wh-3,WEST,SKU-292,497.1657851777544
Wh-3,WEST,SKU-128,82.63323437591923
Wh-3,WEST,SKU-379,729.495130751617
Wh-3,WEST,SKU-380,263.1676832896586
Wh-3,WEST,SKU-381,233.43436499943942
Wh-3,WEST,SKU-132,615.1723477950625
Wh-3,WEST,SKU-133,711.1040941661627
Wh-3,WEST,SKU-134,874.9477419155992
Wh-3,WEST,SKU-382,37.86682560124319
Wh-3,WEST,SKU-383,115.5625
Wh-3,WEST,SKU-137,243.85357189030253
Wh-3,WEST,SKU-139,6.213754659983557
Wh-3,WEST,SKU-140,137.7178105046479
Wh-3,WEST,SKU-141,63.050559312584966
Wh-3,WEST,SKU-144,60.90337055702249
Wh-3,WEST,SKU-145,113.1875
Wh-3,WEST,SKU-146,223.25
Wh-3,WEST,SKU-384,17.653095028295645
Wh-3,WEST,SKU-385,22.78125
Wh-3,WEST,SKU-386,64.5
Wh-3,WEST,SKU-147,39.59577119812894
Wh-3,WEST,SKU-293,90.5625
Wh-3,WEST,SKU-148,74.52917867828504
Wh-3,WEST,SKU-149,253.75
Wh-3,WEST,SKU-387,37.34375
Wh-3,WEST,SKU-150,408.26688676755765
Wh-3,WEST,SKU-151,251.67836131710533
Wh-3,WEST,SKU-388,68.0
Wh-3,WEST,SKU-152,41.5
Wh-3,WEST,SKU-154,80.625
Wh-3,WEST,SKU-155,92.79258407528741
Wh-3,WEST,SKU-156,52.187977353106106
Wh-3,WEST,SKU-389,3.928483630860592
Wh-3,WEST,SKU-157,6.053692987897264
Wh-3,WEST,SKU-390,33.55393939923607
Wh-3,WEST,SKU-158,38.920639216444954
Wh-3,WEST,SKU-159,51.04811596350991
Wh-3,WEST,SKU-160,612.8328964425618
Wh-3,WEST,SKU-161,375.0041735919001
Wh-3,WEST,SKU-162,76.75401735051994
Wh-3,WEST,SKU-163,11.252216564715535
Wh-3,WEST,SKU-164,8.75
Wh-3,WEST,SKU-165,16.088094796187946
Wh-3,WEST,SKU-166,99.39128296343407
Wh-3,WEST,SKU-167,168.625
Wh-3,WEST,SKU-168,29.21565469674275
Wh-3,WEST,SKU-297,3.706015793143928
Wh-3,WEST,SKU-169,74.5
Wh-3,WEST,SKU-391,2.0
Wh-3,WEST,SKU-170,82.0
Wh-3,WEST,SKU-171,43.125
Wh-3,WEST,SKU-172,49.71827069287468
Wh-3,WEST,SKU-299,48.19317783507688
Wh-3,WEST,SKU-173,480.4117777944975
Wh-3,WEST,SKU-174,5.034514525031668
Wh-3,WEST,SKU-175,20.201097031522266
Wh-3,WEST,SKU-176,4.717309623800293
Wh-3,WEST,SKU-177,5.846473343111825
Wh-3,WEST,SKU-178,33.89041022626384
Wh-3,WEST,SKU-179,35.78125
Wh-3,WEST,SKU-180,10.182550212484184
Wh-3,WEST,SKU-181,24.17067033154735
Wh-3,WEST,SKU-182,79.46875
Wh-3,WEST,SKU-183,45.040361088659935
Wh-3,WEST,SKU-184,131.21188883276196
Wh-3,WEST,SKU-185,204.55301317670572
Wh-3,WEST,SKU-300,32.91913708410628
Wh-3,WEST,SKU-301,57.04780506393596
Wh-3,WEST,SKU-186,286.05492055510126
Wh-3,WEST,SKU-392,17.463763424132285
Wh-3,WEST,SKU-187,24.75
Wh-3,WEST,SKU-302,61.9368589192766
Wh-3,WEST,SKU-188,40.41926780869735
Wh-3,WEST,SKU-189,15.38452363570807
Wh-3,WEST,SKU-190,467.7578032389081
Wh-3,WEST,SKU-192,27.86786568311489
Wh-3,WEST,SKU-193,93.92446787873908
Wh-3,WEST,SKU-194,1004.4786653121221
Wh-3,WEST,SKU-195,18.88280208304556
Wh-3,WEST,SKU-196,426.87899514446053
Wh-3,WEST,SKU-197,43.24961825099379
Wh-3,WEST,SKU-198,567.3869273307969
Wh-3,WEST,SKU-199,702.5
Wh-3,WEST,SKU-200,75.75
Wh-3,WEST,SKU-201,36.212301589361715
Wh-3,WEST,SKU-202,24.46875
Wh-3,WEST,SKU-203,133.11075511223393
Wh-3,WEST,SKU-393,17.0
Wh-3,WEST,SKU-204,41.75213685931881
Wh-3,WEST,SKU-306,7.256914232974548
Wh-3,WEST,SKU-394,19.0
Wh-3,WEST,SKU-395,11.0
Wh-3,WEST,SKU-314,12.782004759160486
Wh-3,WEST,SKU-315,31.09375
Wh-3,WEST,SKU-316,13.375
Wh-3,WEST,SKU-317,193.375
Wh-3,WEST,SKU-318,15.17453289709848
Wh-3,WEST,SKU-319,145.26116496447787
Wh-3,WEST,SKU-320,87.47123154603105
Wh-3,WEST,SKU-321,143.04425707824595
Wh-3,WEST,SKU-322,127.30618197582602
Wh-3,WEST,SKU-323,80.4682410448472
Wh-3,WEST,SKU-324,25.125
Wh-3,WEST,SKU-325,244.67413661594588
Wh-3,WEST,SKU-326,161.5
Wh-3,WEST,SKU-396,61.64401309853895
Wh-3,WEST,SKU-397,117.79175056584438
Wh-3,WEST,SKU-398,15.99759501936755
Wh-3,WEST,SKU-399,211.39586665898057
Wh-3,WEST,SKU-400,411.20680067024637
Wh-3,WEST,SKU-205,58.37914901296995
Wh-3,WEST,SKU-206,2348.5653394840574
Wh-3,WEST,SKU-207,18.825512495859698
Wh-3,WEST,SKU-208,5.693327108678215
Wh-3,WEST,SKU-209,427.11059455111183
Wh-3,WEST,SKU-210,44.06052630260416
Wh-3,WEST,SKU-211,3659.6820502409164
Wh-3,WEST,SKU-214,60.097823904556535
Wh-3,WEST,SKU-215,12.999286960893684
Wh-3,WEST,SKU-217,87.21875
Wh-3,WEST,SKU-218,60.25676382777492
Wh-3,WEST,SKU-219,10.937510819640265
Wh-3,WEST,SKU-220,21.40625
Wh-3,WEST,SKU-221,18.47770763502472
Wh-3,WEST,SKU-401,114.97507842655052
Wh-3,WEST,SKU-222,1452.5579102057627
Wh-3,WEST,SKU-223,56.23271333134209
Wh-3,WEST,SKU-224,54.375
Wh-3,WEST,SKU-225,76.0
Wh-3,WEST,SKU-226,7.152715472288159
Wh-3,WEST,SKU-402,13.114293649063466
Wh-3,WEST,SKU-227,66.75
Wh-3,WEST,SKU-229,4.857489054759101
Wh-3,WEST,SKU-230,75.84057197245448
Wh-3,WEST,SKU-231,95.52880961182562
Wh-3,WEST,SKU-232,5.908446159336329
Wh-3,WEST,SKU-233,61.375
Wh-4,SOUTH,SKU-1,269.7361520167025
Wh-4,SOUTH,SKU-2,74.83078754219366
Wh-4,SOUTH,SKU-3,21.28431886646745
Wh-4,SOUTH,SKU-4,784.1584437153127
Wh-4,SOUTH,SKU-5,319.9375
Wh-4,SOUTH,SKU-6,27.484252322998035
Wh-4,SOUTH,SKU-7,877.0460307362066
Wh-4,SOUTH,SKU-8,3659.5401383318645
Wh-4,SOUTH,SKU-234,43.10154212735404
Wh-4,SOUTH,SKU-9,4.60711954937824
Wh-4,SOUTH,SKU-10,333.9601347574804
Wh-4,SOUTH,SKU-13,1189.8212014922049
Wh-4,SOUTH,SKU-17,450.0
Wh-4,SOUTH,SKU-327,23.10394662971914
Wh-4,SOUTH,SKU-19,8.984783143407455
Wh-4,SOUTH,SKU-351,13.6875
Wh-4,SOUTH,SKU-20,15.425200972243033
Wh-4,SOUTH,SKU-353,12.71875
Wh-4,SOUTH,SKU-21,61.5
Wh-4,SOUTH,SKU-22,47.875
Wh-4,SOUTH,SKU-23,5.660966852575907
Wh-4,SOUTH,SKU-24,64.40625
Wh-4,SOUTH,SKU-25,154.0581364719747
Wh-4,SOUTH,SKU-26,5.306630910344779
Wh-4,SOUTH,SKU-27,111.25
Wh-4,SOUTH,SKU-28,23.8125
Wh-4,SOUTH,SKU-29,95.375
Wh-4,SOUTH,SKU-30,136.29522434184355
Wh-4,SOUTH,SKU-31,136.15625
Wh-4,SOUTH,SKU-32,446.03125
Wh-4,SOUTH,SKU-33,99.0
Wh-4,SOUTH,SKU-237,245.25
Wh-4,SOUTH,SKU-34,110.95298231010992
Wh-4,SOUTH,SKU-239,57.28125
Wh-4,SOUTH,SKU-240,166.9900456609936
Wh-4,SOUTH,SKU-354,53.25
Wh-4,SOUTH,SKU-35,41.0
Wh-4,SOUTH,SKU-36,119.366078024619
Wh-4,SOUTH,SKU-37,108.44327160638338
Wh-4,SOUTH,SKU-39,464.8125
Wh-4,SOUTH,SKU-40,903.25
Wh-4,SOUTH,SKU-41,119.25
Wh-4,SOUTH,SKU-243,143.35123111516884
Wh-4,SOUTH,SKU-42,69.875
Wh-4,SOUTH,SKU-43,15.963890380049591
Wh-4,SOUTH,SKU-44,58.34375
Wh-4,SOUTH,SKU-45,0.6135484505573459
Wh-4,SOUTH,SKU-46,35.18651943020876
Wh-4,SOUTH,SKU-47,1.3602072837572337
Wh-4,SOUTH,SKU-50,96.75
Wh-4,SOUTH,SKU-51,536.5
Wh-4,SOUTH,SKU-53,233.625
Wh-4,SOUTH,SKU-54,34.5
Wh-4,SOUTH,SKU-55,107.8774662831224
Wh-4,SOUTH,SKU-56,222.0
Wh-4,SOUTH,SKU-57,24.1875
Wh-4,SOUTH,SKU-58,39.260710812339994
Wh-4,SOUTH,SKU-59,134.7488968961324
Wh-4,SOUTH,SKU-60,31.785446044487703
Wh-4,SOUTH,SKU-61,936.875
Wh-4,SOUTH,SKU-62,101.34375
Wh-4,SOUTH,SKU-63,133.875
Wh-4,SOUTH,SKU-416,132.625
Wh-4,SOUTH,SKU-64,174.5551613620949
Wh-4,SOUTH,SKU-65,61.15625
Wh-4,SOUTH,SKU-66,154.4699618847945
Wh-4,SOUTH,SKU-67,122.21875
Wh-4,SOUTH,SKU-244,6.521071794470046
Wh-4,SOUTH,SKU-69,54.902111542933625
Wh-4,SOUTH,SKU-70,158.3558758176635
Wh-4,SOUTH,SKU-71,48.125
Wh-4,SOUTH,SKU-72,73.15625
Wh-4,SOUTH,SKU-73,35.125
Wh-4,SOUTH,SKU-74,27.4375
Wh-4,SOUTH,SKU-245,400.35713859542966
Wh-4,SOUTH,SKU-246,43.5625
Wh-4,SOUTH,SKU-76,8.25
Wh-4,SOUTH,SKU-77,53.03755380631815
Wh-4,SOUTH,SKU-78,91.40625
Wh-4,SOUTH,SKU-79,59.375
Wh-4,SOUTH,SKU-248,145.625
Wh-4,SOUTH,SKU-404,97.51579098569053
Wh-4,SOUTH,SKU-417,80.21875
Wh-4,SOUTH,SKU-80,431.75557918204754
Wh-4,SOUTH,SKU-81,827.875
Wh-4,SOUTH,SKU-82,146.8125
Wh-4,SOUTH,SKU-84,292.6281823779207
Wh-4,SOUTH,SKU-86,68.28143457623989
Wh-4,SOUTH,SKU-250,104.30079010399294
Wh-4,SOUTH,SKU-87,25.08730666079452
Wh-4,SOUTH,SKU-359,101.53125
Wh-4,SOUTH,SKU-88,1085.375
Wh-4,SOUTH,SKU-251,422.59375
Wh-4,SOUTH,SKU-361,167.38815245314998
Wh-4,SOUTH,SKU-89,46.58991673194945
Wh-4,SOUTH,SKU-90,33.0625
Wh-4,SOUTH,SKU-92,29.25
Wh-4,SOUTH,SKU-93,93.375
Wh-4,SOUTH,SKU-95,47.213113733555254
Wh-4,SOUTH,SKU-418,27.8125
Wh-4,SOUTH,SKU-97,387.75480767557974
Wh-4,SOUTH,SKU-98,110.1038119308479
Wh-4,SOUTH,SKU-252,383.78734274155687
Wh-4,SOUTH,SKU-253,272.875
Wh-4,SOUTH,SKU-362,32.483336399225266
Wh-4,SOUTH,SKU-419,216.62770190257885
Wh-4,SOUTH,SKU-254,111.66620065574192
Wh-4,SOUTH,SKU-331,250.5625
Wh-4,SOUTH,SKU-255,201.8125
Wh-4,SOUTH,SKU-332,251.75798566488484
Wh-4,SOUTH,SKU-256,197.62280262061557
Wh-4,SOUTH,SKU-257,304.53125
Wh-4,SOUTH,SKU-368,41.704174739279345
Wh-4,SOUTH,SKU-258,110.78150123964669
Wh-4,SOUTH,SKU-373,74.8125
Wh-4,SOUTH,SKU-259,347.25
Wh-4,SOUTH,SKU-260,66.83125695101967
Wh-4,SOUTH,SKU-261,602.9271470187583
Wh-4,SOUTH,SKU-263,101.875
Wh-4,SOUTH,SKU-264,1914.5068744802704
Wh-4,SOUTH,SKU-267,25.553051806325048
Wh-4,SOUTH,SKU-268,461.3289948877506
Wh-4,SOUTH,SKU-269,932.8260548719072
Wh-4,SOUTH,SKU-270,472.7430521169603
Wh-4,SOUTH,SKU-271,2395.96875
Wh-4,SOUTH,SKU-272,174.35259268862933
Wh-4,SOUTH,SKU-420,2.8128902965788303
Wh-4,SOUTH,SKU-273,41.375
Wh-4,SOUTH,SKU-274,684.3021694391722
Wh-4,SOUTH,SKU-275,365.625
Wh-4,SOUTH,SKU-276,35.6875
Wh-4,SOUTH,SKU-277,51.49822382141505
Wh-4,SOUTH,SKU-278,144.79139158982503
Wh-4,SOUTH,SKU-279,179.96875
Wh-4,SOUTH,SKU-280,109.3125
Wh-4,SOUTH,SKU-281,92.0625
Wh-4,SOUTH,SKU-282,27.313851367714847
Wh-4,SOUTH,SKU-375,47.1900951555296
Wh-4,SOUTH,SKU-284,49.724601531175516
Wh-4,SOUTH,SKU-285,11.825745588410388
Wh-4,SOUTH,SKU-377,15.8125
Wh-4,SOUTH,SKU-286,244.57231272287243
Wh-4,SOUTH,SKU-421,1.890919194261448
Wh-4,SOUTH,SKU-101,360.0274795730843
Wh-4,SOUTH,SKU-102,29.71875
Wh-4,SOUTH,SKU-103,211.73569346325212
Wh-4,SOUTH,SKU-104,177.40625
Wh-4,SOUTH,SKU-105,132.125
Wh-4,SOUTH,SKU-106,475.8125
Wh-4,SOUTH,SKU-107,151.80473350224423
Wh-4,SOUTH,SKU-108,523.75
Wh-4,SOUTH,SKU-109,258.125
Wh-4,SOUTH,SKU-110,9.67668750149521
Wh-4,SOUTH,SKU-111,485.73236009284165
Wh-4,SOUTH,SKU-112,10.5625
Wh-4,SOUTH,SKU-113,155.85906271504695
Wh-4,SOUTH,SKU-114,13.484760416058137
Wh-4,SOUTH,SKU-115,32.52158061235541
Wh-4,SOUTH,SKU-116,20.0
Wh-4,SOUTH,SKU-117,16.176002187890926
Wh-4,SOUTH,SKU-287,1.438732354992811
Wh-4,SOUTH,SKU-121,267.75
Wh-4,SOUTH,SKU-122,173.90625
Wh-4,SOUTH,SKU-422,120.625
Wh-4,SOUTH,SKU-288,125.41291006574637
Wh-4,SOUTH,SKU-423,51.431486962137626
Wh-4,SOUTH,SKU-424,62.42264490349301
Wh-4,SOUTH,SKU-425,97.03794255026006
Wh-4,SOUTH,SKU-426,54.9724612696955
Wh-4,SOUTH,SKU-123,165.78234019333823
Wh-4,SOUTH,SKU-289,18.980399469722837
Wh-4,SOUTH,SKU-427,75.71875
Wh-4,SOUTH,SKU-406,3.5592613520162217
Wh-4,SOUTH,SKU-124,5463.8034524409795
Wh-4,SOUTH,SKU-338,30.75
Wh-4,SOUTH,SKU-428,42.0625
Wh-4,SOUTH,SKU-339,352.0
Wh-4,SOUTH,SKU-126,21.724508283703393
Wh-4,SOUTH,SKU-127,908.2617806526565
Wh-4,SOUTH,SKU-128,22.352965475080914
Wh-4,SOUTH,SKU-129,183.00339113280148
Wh-4,SOUTH,SKU-131,654.7909086799349
Wh-4,SOUTH,SKU-132,1334.21875
Wh-4,SOUTH,SKU-133,1546.1511934688258
Wh-4,SOUTH,SKU-134,594.7160590346963
Wh-4,SOUTH,SKU-136,691.71875
Wh-4,SOUTH,SKU-137,1220.8648811365597
Wh-4,SOUTH,SKU-344,1117.3171092141313
Wh-4,SOUTH,SKU-140,1206.34375
Wh-4,SOUTH,SKU-141,303.875
Wh-4,SOUTH,SKU-429,2.836816587926549
Wh-4,SOUTH,SKU-144,75.4375
Wh-4,SOUTH,SKU-384,82.10048321276219
Wh-4,SOUTH,SKU-430,55.8125
Wh-4,SOUTH,SKU-431,105.0
Wh-4,SOUTH,SKU-432,4.01293026156986
Wh-4,SOUTH,SKU-385,201.20995916544663
Wh-4,SOUTH,SKU-386,255.71875
Wh-4,SOUTH,SKU-147,465.15625
Wh-4,SOUTH,SKU-148,108.3125
Wh-4,SOUTH,SKU-149,144.625
Wh-4,SOUTH,SKU-387,280.3613527682859
Wh-4,SOUTH,SKU-150,677.0746326527058
Wh-4,SOUTH,SKU-151,1373.474443049877
Wh-4,SOUTH,SKU-152,845.5
Wh-4,SOUTH,SKU-154,5.875
Wh-4,SOUTH,SKU-155,77.06924211506353
Wh-4,SOUTH,SKU-156,17.25
Wh-4,SOUTH,SKU-157,170.125
Wh-4,SOUTH,SKU-158,30.00091981790461
Wh-4,SOUTH,SKU-159,19.52435121200024
Wh-4,SOUTH,SKU-160,237.18159743852513
Wh-4,SOUTH,SKU-161,62.625
Wh-4,SOUTH,SKU-162,21.06493638470699
Wh-4,SOUTH,SKU-163,30.753068452021147
Wh-4,SOUTH,SKU-164,20.427257604279333
Wh-4,SOUTH,SKU-165,117.5
Wh-4,SOUTH,SKU-166,1.0528987522611217
Wh-4,SOUTH,SKU-167,79.5
Wh-4,SOUTH,SKU-297,54.790044411257924
Wh-4,SOUTH,SKU-169,10.352292031013537
Wh-4,SOUTH,SKU-170,14.338047038305653
Wh-4,SOUTH,SKU-171,9.75
Wh-4,SOUTH,SKU-172,11.0
Wh-4,SOUTH,SKU-173,40.798298908724945
Wh-4,SOUTH,SKU-174,17.903125339323484
Wh-4,SOUTH,SKU-175,1.2209533804776846
Wh-4,SOUTH,SKU-176,7.125
Wh-4,SOUTH,SKU-177,5.230713872138303
Wh-4,SOUTH,SKU-178,27.25
Wh-4,SOUTH,SKU-179,55.06358487266064
Wh-4,SOUTH,SKU-180,0.46875048128037733
Wh-4,SOUTH,SKU-182,26.584904445410068
Wh-4,SOUTH,SKU-183,8.635879966117379
Wh-4,SOUTH,SKU-184,6.864069885702222
Wh-4,SOUTH,SKU-185,48.73573143099887
Wh-4,SOUTH,SKU-186,45.54432084821081
Wh-4,SOUTH,SKU-187,12.345596894252747
Wh-4,SOUTH,SKU-190,90.25
Wh-4,SOUTH,SKU-193,22.09966026245678
Wh-4,SOUTH,SKU-194,16.68816048692498
Wh-4,SOUTH,SKU-196,121.77599088010302
Wh-4,SOUTH,SKU-199,119.74272137994528
Wh-4,SOUTH,SKU-200,15.375
Wh-4,SOUTH,SKU-201,19.9375
Wh-4,SOUTH,SKU-202,8.69090911958098
Wh-4,SOUTH,SKU-203,79.25
Wh-4,SOUTH,SKU-204,18.462341347665244
Wh-4,SOUTH,SKU-314,27.03125
Wh-4,SOUTH,SKU-315,13.46875
Wh-4,SOUTH,SKU-316,21.936510725486382
Wh-4,SOUTH,SKU-317,107.39175122892624
Wh-4,SOUTH,SKU-318,1.552438819099745
Wh-4,SOUTH,SKU-319,24.502461703637984
Wh-4,SOUTH,SKU-320,8.865575251065898
Wh-4,SOUTH,SKU-321,33.65294765035583
Wh-4,SOUTH,SKU-322,29.60314492450661
Wh-4,SOUTH,SKU-324,76.65625
Wh-4,SOUTH,SKU-325,8.375
Wh-4,SOUTH,SKU-326,213.5
Wh-4,SOUTH,SKU-396,1.2232738321978172
Wh-4,SOUTH,SKU-397,86.5
Wh-4,SOUTH,SKU-433,23.445413211913184
Wh-4,SOUTH,SKU-399,276.712686340639
Wh-4,SOUTH,SKU-205,10.573951355967
Wh-4,SOUTH,SKU-206,778.9525115804877
Wh-4,SOUTH,SKU-434,13.184268519388242
Wh-4,SOUTH,SKU-208,29.327236825873637
Wh-4,SOUTH,SKU-211,424.7515127199713
Wh-4,SOUTH,SKU-212,3.2399870281963894
Wh-4,SOUTH,SKU-214,14.0625
Wh-4,SOUTH,SKU-215,107.16726825038168
Wh-4,SOUTH,SKU-217,22.625
Wh-4,SOUTH,SKU-218,34.0625
Wh-4,SOUTH,SKU-219,124.71006274046027
Wh-4,SOUTH,SKU-220,143.79600106249902
Wh-4,SOUTH,SKU-221,42.82132900508522
Wh-4,SOUTH,SKU-224,59.08724586092788
Wh-4,SOUTH,SKU-225,237.45115247699908
Wh-4,SOUTH,SKU-226,41.5
Wh-4,SOUTH,SKU-228,20.344859898804955
Wh-4,SOUTH,SKU-229,125.54060945432781
Wh-4,SOUTH,SKU-230,35.6875
Wh-4,SOUTH,SKU-231,31.52291293236218
Wh-4,SOUTH,SKU-232,4.583369786840272
Wh-4,SOUTH,SKU-233,103.6875
